name,version,MD5
ALLPACopy,151202/0.03,e23296caae3ac0570cde62502c3b3914
ALLPL2Copy,151202/0.03,75039515b0c9e7b14bbb8111788631ba
ALLPL2ToNV12iScale,unknown,1f16429da2e8bfdfee41298b0f7b52df
ALLPL2ToPAiScale,unknown,647dd7a21173c665898bc1a6b44e6085
AllAVCEnc,191023,94aaeb527147033ad73048ba3cb53007
AllAVCEnc_FEI,-,-
AllHEVCEnc,180914/0.51,ce091dba80d3797f6946e194a43f0c5e
AllMPEG2Enc,170713/0.04,7bc4454cf5717820ac7769efc1a445a3
AllVC1_NV12,151026/1.00,5be2468cd17b65a8dd5c328b3da59cb6
AllVP8Enc,181003,ef3b3994e8975429d0f65ce1f054000d
AllVP9Enc,-,-
Downscale_Copy,-,-
HEVC_COMBINED_KENREL_INTEL,-,-
HEVC_FEI_COMBINED_KENREL_INTEL,-,-
HME_DS_SCOREBOARD_KERNEL,200521,76fda383282dd74c9bb8a3d4af6eddf6
LinkFile,-,-
VDENC_HME,-,-
VID_ApplyNoise_Combined,-,-
